name,city,address,phone,website,rating,totalRatings,latitude,longitude,googlePlaceId,googleMapsUrl,openNow,scrapedAt
Los Angeles Inn,Asunción,"Pora 226, Lambaré 001306, Paraguay",0982 296223,https://www.facebook.com/losangeles.inn,4.4,694,-25.353496699999997,-57.639754499999995,ChIJaWV8gNepXZQRjnUAvUP_V9w,https://maps.google.com/?cid=15877439677716788622&g_mp=Cidnb29nbGUubWFwcy5wbGFjZXMudjEuUGxhY2VzLlNlYXJjaFRleHQQAhgEIAA,True,2026-01-29T15:58:23.919Z
La Madrague Asuncion,Asunción,"Avenida Carlos Antonio López &, P86Q+3F2, Gobernador Domingo M.De Irala, Asunción 001005, Paraguay",0981 510224,,4.1,24,-25.289871100000003,-57.661364299999995,ChIJ1-cKABQIXZQR0803miP1_V8,https://maps.google.com/?cid=6916954135970958803&g_mp=Cidnb29nbGUubWFwcy5wbGFjZXMudjEuUGxhY2VzLlNlYXJjaFRleHQQAhgEIAA,,2026-01-29T15:58:24.030Z
casa mosaico,Asunción,"Fulgencio R. Moreno 653, Asunción 001101, Paraguay",0994 465566,https://kompasspy.com/biz/casa-mosaico-hostal-asuncion/,4.8,36,-25.288748,-57.631961499999996,ChIJ7ZCupiCnXZQRNaErfBHkfJE,https://maps.google.com/?cid=10483504796360483125&g_mp=Cidnb29nbGUubWFwcy5wbGFjZXMudjEuUGxhY2VzLlNlYXJjaFRleHQQAhgEIAA,,2026-01-29T15:58:24.435Z
Mbokaja,Asunción,"Carmen Soler 3773, Asunción 1209, Paraguay",0973 506987,,4.8,4,-25.2991667,-57.59848160000001,ChIJ_7HBdX2oXZQRpEvyvdGXL6k,https://maps.google.com/?cid=12191129643405953956&g_mp=Cidnb29nbGUubWFwcy5wbGFjZXMudjEuUGxhY2VzLlNlYXJjaFRleHQQAhgEIAA,,2026-01-29T15:58:24.635Z
Pequeño estudio moderno en el nuevo centro de Asunción MA001,Asunción,"Alberto De Sousa Entre, Rodolfo Zotti y, Asunción 1849, Paraguay",0986 666035,,5,1,-25.294969599999998,-57.58263719999999,ChIJUXeyMJqoXZQRN8cLO72GmmI,https://maps.google.com/?cid=7105139509427947319&g_mp=Cidnb29nbGUubWFwcy5wbGFjZXMudjEuUGxhY2VzLlNlYXJjaFRleHQQAhgEIAA,,2026-01-29T15:58:24.737Z
Studio en el Centro de Asunción,Asunción,"P97C+57W Cerro Corá, Asunción 001219, Paraguay",0981 438100,,4.8,4,-25.287010499999997,-57.629296499999995,ChIJp9T0e--nXZQRVemyUtyfHnY,https://maps.google.com/?cid=8511416114405894485&g_mp=Cidnb29nbGUubWFwcy5wbGFjZXMudjEuUGxhY2VzLlNlYXJjaFRleHQQAhgEIAA,False,2026-01-29T15:58:24.838Z
Tu Casa de Paso,Asunción,"Guido Spano 2397, Asunción 001408, Paraguay",0981 884187,https://www.facebook.com/T%C3%BA-casa-de-paso-Hostal-466768350035738/?hc_ref=SEARCH,4.7,69,-25.297857099999998,-57.5684025,ChIJbwVAxLuoXZQRu1-ryAoroaU,https://maps.google.com/?cid=11934867812824866747&g_mp=Cidnb29nbGUubWFwcy5wbGFjZXMudjEuUGxhY2VzLlNlYXJjaFRleHQQAhgEIAA,,2026-01-29T15:58:25.344Z
"Alojamiento Ecológico Asunción, Paraguay",Asunción,"Manuel Talavera 988, Asunción 001406, Paraguay",0985 917051,,4.8,66,-25.297388100000003,-57.553057200000005,ChIJp383UZ2nXZQRRf-encYKhvc,https://maps.google.com/?cid=17835955222411673413&g_mp=Cidnb29nbGUubWFwcy5wbGFjZXMudjEuUGxhY2VzLlNlYXJjaFRleHQQAhgEIAA,,2026-01-29T15:58:25.446Z
Victoria,Asunción,"P957+9PX, México 489, Asunción 1107, Paraguay",0981 485155,,4.5,2,-25.2915124,-57.6356082,ChIJxWczVfqnXZQRVQFXRvUiJ9M,https://maps.google.com/?cid=15215168302936949077&g_mp=Cidnb29nbGUubWFwcy5wbGFjZXMudjEuUGxhY2VzLlNlYXJjaFRleHQQAhgEIAA,,2026-01-29T15:58:25.648Z
LODECAMPU,Asunción,"Capitán Juan Dimas Motta 385 Casi, Asunción 001408, Paraguay",0983 230213,http://www.booking.com/LODECAMPU,4.8,28,-25.293939599999998,-57.5738601,ChIJ03AXolOpXZQRZn9ikHPgxwo,https://maps.google.com/?cid=776836247692935014&g_mp=Cidnb29nbGUubWFwcy5wbGFjZXMudjEuUGxhY2VzLlNlYXJjaFRleHQQAhgEIAA,,2026-01-29T15:58:27.706Z
ÚNICO - Stay & Residences by AVA,Asunción,"Av. Dr. Felipe Molas López 796, Asunción 1526, Paraguay",0976 888593,http://avarentals.com.py/temporal/,4.7,103,-25.276619099999998,-57.5652809,ChIJu1VBNFCnXZQRqbCwy7kloEQ,https://maps.google.com/?cid=4944993870769336489&g_mp=Cidnb29nbGUubWFwcy5wbGFjZXMudjEuUGxhY2VzLlNlYXJjaFRleHQQAhgEIAA,,2026-01-29T15:58:28.109Z
Divina Tower Experience,Asunción,"Dr. Eduardo López Moreira casi, Asunción 001001, Paraguay",0994 138797,https://www.divinatowerhotel.com/,4.8,67,-25.3012111,-57.582119799999994,ChIJDwJIAO6pXZQRgZukSvwo3Vs,https://maps.google.com/?cid=6619492091353668481&g_mp=Cidnb29nbGUubWFwcy5wbGFjZXMudjEuUGxhY2VzLlNlYXJjaFRleHQQAhgEIAA,,2026-01-29T15:58:28.513Z
Hilton Garden Inn Asunción Aviadores,Asunción,"San Juan XXIII 2588, Asunción 001527, Paraguay",(021) 729 6565,https://www.hilton.com/en/hotels/asupygi-hilton-garden-inn-asuncion-aviadores-del-chaco/?SEO_id=GMB-AMER-GI-ASUPYGI&y_source=1_Mjc3Mjg0NTctNzE1LWxvY2F0aW9uLndlYnNpdGU%3D,4.8,88,-25.281839899999998,-57.562531,ChIJSZMOwAWnXZQRE0pb2cr9Yz8,https://maps.google.com/?cid=4567773494755674643&g_mp=Cidnb29nbGUubWFwcy5wbGFjZXMudjEuUGxhY2VzLlNlYXJjaFRleHQQAhgEIAA,,2026-01-29T15:58:28.615Z
Zentrum Stay & Residences by Ava,Asunción,"Prof. Emiliano Gómez Rios, Asunción 001527, Paraguay",0991 828527,https://avarentals.com.py/temporal/,4,20,-25.281009599999997,-57.566444600000004,ChIJGSSyQ3enXZQRDPEu2Nip3HQ,https://maps.google.com/?cid=8420792152080969996&g_mp=Cidnb29nbGUubWFwcy5wbGFjZXMudjEuUGxhY2VzLlNlYXJjaFRleHQQAhgEIAA,,2026-01-29T15:58:29.424Z
"Cuba linda cápsula alojamiento, habitaciones dobles, A/C Nuevo, Asunción",Asunción,"Av. Eusebio Ayala 1332, Asunción 001235, Paraguay",0992 647429,https://www.facebook.com/share/v/1EsGRBGGND/,4.6,15,-25.304276800000004,-57.6101123,ChIJ3yUXJv2pXZQRhn5R7f2fvuo,https://maps.google.com/?cid=16915133163407244934&g_mp=Cidnb29nbGUubWFwcy5wbGFjZXMudjEuUGxhY2VzLlNlYXJjaFRleHQQAhgEIAA,,2026-01-29T15:58:31.719Z
Residencia Leones de Castilla,Asunción,"Choferes del chaco 763 casi Pacheco Asunción PY 1377, Asunción 001413, Paraguay",0984 863416,,4.3,320,-25.2953613,-57.59214589999999,ChIJR_N_EISoXZQRmNfmsmpkrvc,https://maps.google.com/?cid=17847312782746638232&g_mp=Cidnb29nbGUubWFwcy5wbGFjZXMudjEuUGxhY2VzLlNlYXJjaFRleHQQAhgEIAA,,2026-01-29T15:58:31.920Z
Edificio Navarro,Asunción,"Av. Dr. Fernando de la Mora 580, Asunción 001311, Paraguay",,,5,1,-25.311981199999998,-57.612697999999995,ChIJgwpYVwCpXZQRACBCpD7hTEQ,https://maps.google.com/?cid=4921556151969128448&g_mp=Cidnb29nbGUubWFwcy5wbGFjZXMudjEuUGxhY2VzLlNlYXJjaFRleHQQAhgEIAA,,2026-01-29T15:58:32.122Z
Casa de Mía - Apartamentos,Asunción,"PCJV+XHW, Tte. 2do. Victoriano Alvarenga, Asunción 001525, Paraguay",0981 756818,,5,6,-25.2675259,-57.555999799999995,ChIJ8UZ8FQCnXZQRXh_iE6GB2IM,https://maps.google.com/?cid=9500485942761365342&g_mp=Cidnb29nbGUubWFwcy5wbGFjZXMudjEuUGxhY2VzLlNlYXJjaFRleHQQAhgEIAA,,2026-01-29T15:58:32.223Z
Villamorrahouse,Asunción,"PC4G+VQW, Capitán Juan Dimas Motta 551, Asunción 001408, Paraguay",0981 875517,,5,6,-25.293072799999997,-57.5732154,ChIJYcXbWACpXZQRJNv4ZSL3F8Q,https://maps.google.com/?cid=14130034083009977124&g_mp=Cidnb29nbGUubWFwcy5wbGFjZXMudjEuUGxhY2VzLlNlYXJjaFRleHQQAhgEIAA,,2026-01-29T15:58:32.526Z
La Petite Maison de Diana,Asunción,"San Carlos 896, Asunción 001219, Paraguay",0974 249700,https://www.booking.com/Share-sASXXN,4.7,49,-25.290689,-57.630260799999995,ChIJh7I90DqnXZQRa_4RtYwuuWg,https://maps.google.com/?cid=7546113832504131179&g_mp=Cidnb29nbGUubWFwcy5wbGFjZXMudjEuUGxhY2VzLlNlYXJjaFRleHQQAhgEIAA,True,2026-01-29T15:58:32.728Z
Terrazas Vista Verde,Asunción,"P.º del Yacht y Golf Club, Lambaré 110726, Paraguay",0981 801843,http://www.terrazasvistaverde.com.py/,4.5,156,-25.366987500000004,-57.636329999999994,ChIJJfEInECpXZQRe1HlmCdpPYY,https://maps.google.com/?cid=9673003193451499899&g_mp=Cidnb29nbGUubWFwcy5wbGFjZXMudjEuUGxhY2VzLlNlYXJjaFRleHQQAhgEIAA,True,2026-01-29T15:58:34.854Z
Andares del Agua,Asunción,"Juan S Bogarin 1251 esq, Asunción 001414, Paraguay",0986 565686,http://www.andaresdelagua.com.py/,4.5,657,-25.3020251,-57.5877458,ChIJSRmGI46oXZQR4uVXLoMQYt8,https://maps.google.com/?cid=16096446173779846626&g_mp=Cidnb29nbGUubWFwcy5wbGFjZXMudjEuUGxhY2VzLlNlYXJjaFRleHQQAhgEIAA,,2026-01-29T15:58:35.459Z
Motel Cataratas,Ciudad del Este,"7000, Avenida Monseñor Rodriguez, Cd. del Este 100179, Paraguay",0984 140328,https://www.facebook.com/MotelCataratasCDE/,3.9,45,-25.496803399999997,-54.6823547,ChIJCU5Y6M6F9pQRz0ILrZwRKio,https://maps.google.com/?cid=3038260263230587599&g_mp=Cidnb29nbGUubWFwcy5wbGFjZXMudjEuUGxhY2VzLlNlYXJjaFRleHQQAhgEIAA,,2026-01-29T15:58:36.926Z
Motel Star,Ciudad del Este,"R. Cegonhas, 100 - Portal da Foz, Foz do Iguaçu - PR, 85859-590, Brasil",(45) 3526-8604,,3.8,10,-25.503961999999998,-54.5381326,ChIJPd39gbyQ9pQRa64ovyv9PdI,https://maps.google.com/?cid=15149543085876751979&g_mp=Cidnb29nbGUubWFwcy5wbGFjZXMudjEuUGxhY2VzLlNlYXJjaFRleHQQAhgEIAA,,2026-01-29T15:58:37.028Z
Panorama Inn,Ciudad del Este,"Edificio Panorama 1, Pampliega, Cd. del Este 100137, Paraguay",(061) 500 110,,4.1,362,-25.515006200000002,-54.613622899999996,ChIJRU6a6P6P9pQRJcQy51-4oN0,https://maps.google.com/?cid=15969967000696046629&g_mp=Cidnb29nbGUubWFwcy5wbGFjZXMudjEuUGxhY2VzLlNlYXJjaFRleHQQAhgEIAA,,2026-01-29T15:58:40.559Z
SAK Residencial Paraguay,Ciudad del Este,"Calle, G923+P9Q Foz de Yguazu, Cd. del Este 100125, Paraguay",0983 532946,,4.7,20,-25.4981546,-54.6465112,ChIJsdp8JAuF9pQRJu4EBJJThzA,https://maps.google.com/?cid=3496855522274242086&g_mp=Cidnb29nbGUubWFwcy5wbGFjZXMudjEuUGxhY2VzLlNlYXJjaFRleHQQAhgEIAA,,2026-01-29T15:58:40.964Z
Ñande renda,Ciudad del Este,"G8W4+Q3R, Cd. del Este 100109, Paraguay",,,5,7,-25.4530195,-54.6948722,ChIJv5NqdwCF9pQRaP28XyHP69o,https://maps.google.com/?cid=15774929862042385768&g_mp=Cidnb29nbGUubWFwcy5wbGFjZXMudjEuUGxhY2VzLlNlYXJjaFRleHQQAhgEIAA,,2026-01-29T15:58:41.166Z
Apartamento Centro Paraguay,Ciudad del Este,"Jebay Center, F9QR+W4H, Cd. del Este 7000, Paraguay",,,4.5,4,-25.510195,-54.609646,ChIJI1wBTVWF9pQRAqMJA_kjQhY,https://maps.google.com/?cid=1603883969702109954&g_mp=Cidnb29nbGUubWFwcy5wbGFjZXMudjEuUGxhY2VzLlNlYXJjaFRleHQQAhgEIAA,True,2026-01-29T15:58:43.506Z
Edificio Camino Del Este,Ciudad del Este,"Emiliano R. Fernandez, sn Ciudad del Este PY, Ciudad del Este 7000, Paraguay",(061) 514 149,,4.5,112,-25.5074765,-54.6102086,ChIJ5a7_xVSF9pQR41pqCxZeSnc,https://maps.google.com/?cid=8595786287563823843&g_mp=Cidnb29nbGUubWFwcy5wbGFjZXMudjEuUGxhY2VzLlNlYXJjaFRleHQQAhgEIAA,True,2026-01-29T15:58:45.887Z
Tulum Suites,Ciudad del Este,"G9P6+6HV, Cd. del Este 100117, Paraguay",,,4.3,12,-25.4635879,-54.6388411,ChIJ28FUKQCF9pQR1vFyr5YtRIk,https://maps.google.com/?cid=9891080806824341974&g_mp=Cidnb29nbGUubWFwcy5wbGFjZXMudjEuUGxhY2VzLlNlYXJjaFRleHQQAhgEIAA,,2026-01-29T15:58:46.088Z
Abbey Road Inn,San Lorenzo,"Ingavi casi, Fernando de la Mora 2300, Paraguay",0986 125776,,5,41,-25.331457099999998,-57.5309334,ChIJEU_-N1avXZQR-7zl92YlkXs,https://maps.google.com/?cid=8903939062464101627&g_mp=Cidnb29nbGUubWFwcy5wbGFjZXMudjEuUGxhY2VzLlNlYXJjaFRleHQQAhgEIAA,,2026-01-29T15:58:50.523Z
CASA Naranja,San Lorenzo,"Italo Paraguayo entre Anuncio Diaz y, JGP6+FXQ Bernardo Avalos, San Lorenzo 111465, Paraguay",06 14525210,,5,1,-25.3637986,-57.487522,ChIJf95QhPutXZQRVumgtoIgGYo,https://maps.google.com/?cid=9951020597433657686&g_mp=Cidnb29nbGUubWFwcy5wbGFjZXMudjEuUGxhY2VzLlNlYXJjaFRleHQQAhgEIAA,,2026-01-29T15:58:50.624Z
LFA House,San Lorenzo,"Nilo Meyer 342, San Lorenzo 111451, Paraguay",0961 392582,,4.6,11,-25.3540688,-57.501237399999994,ChIJR8fNOgCtXZQR7LTnjUcOKEQ,https://maps.google.com/?cid=4911191094133765356&g_mp=Cidnb29nbGUubWFwcy5wbGFjZXMudjEuUGxhY2VzLlNlYXJjaFRleHQQAhgEIAA,,2026-01-29T15:58:50.725Z
Dynasty Inn Motel,San Lorenzo,"Campo Vía, Capiatá 110208, Paraguay",0983 604445,,3.8,50,-25.3460109,-57.47009380000001,ChIJGdpRecWtXZQR0_lc-eqoUiY,https://maps.google.com/?cid=2761455248690969043&g_mp=Cidnb29nbGUubWFwcy5wbGFjZXMudjEuUGxhY2VzLlNlYXJjaFRleHQQAhgEIAA,,2026-01-29T15:58:50.928Z
Pension La Piña Dorada,San Lorenzo,"Santa Librada con, JF96+X6C, Divino Niño Jesús, Ñemby 2540, Paraguay",01578 0933884,,4.6,25,-25.3800743,-57.539483,ChIJu7-6uFKtXZQRkxYOI9rpKpI,https://maps.google.com/?cid=10532487801659594387&g_mp=Cidnb29nbGUubWFwcy5wbGFjZXMudjEuUGxhY2VzLlNlYXJjaFRleHQQAhgEIAA,,2026-01-29T15:58:51.130Z
Vogel House,San Lorenzo,"Obrero y, Lúke 110940, Paraguay",0971 223232,,3.8,4,-25.290353099999997,-57.532177000000004,ChIJuanxagCvXZQRd86-PRs9VgE,https://maps.google.com/?cid=96331629244370551&g_mp=Cidnb29nbGUubWFwcy5wbGFjZXMudjEuUGxhY2VzLlNlYXJjaFRleHQQAhgEIAA,,2026-01-29T15:58:53.124Z
Casa Boutique Bèla Sofía,San Lorenzo,"Ybyra Pyta 950 595, Asunción 0234, Paraguay",0983 147935,https://casaboutiquebelasofia.com.py/,4.6,168,-25.3206061,-57.588521300000004,ChIJ_2n-VfapXZQR1UsgAxYILLE,https://maps.google.com/?cid=12766587934323264469&g_mp=Cidnb29nbGUubWFwcy5wbGFjZXMudjEuUGxhY2VzLlNlYXJjaFRleHQQAhgEIAA,,2026-01-29T15:58:55.352Z
Saiyú Aeropuerto,Luque,"25.22584240600266 57, Luque 0901, Paraguay",0994 177111,,4.9,37,-25.2258674,-57.508083,ChIJz42yvRulXZQRNMvRyS-oiNw,https://maps.google.com/?cid=15891136208379693876&g_mp=Cidnb29nbGUubWFwcy5wbGFjZXMudjEuUGxhY2VzLlNlYXJjaFRleHQQAhgEIAA,,2026-01-29T15:58:57.764Z
Chalet mi Republica - Luque,Luque,"Benjamin Britez casi, Luque 110907, Paraguay",0992 446421,https://wa.me/message/D223MAO77RSRD1,4.7,13,-25.2374393,-57.4449529,ChIJmWHBzzy7XZQRRpnGeDRZ90g,https://maps.google.com/?cid=5257769171877796166&g_mp=Cidnb29nbGUubWFwcy5wbGFjZXMudjEuUGxhY2VzLlNlYXJjaFRleHQQAhgEIAA,,2026-01-29T15:58:58.067Z
Mi Tierra B&B,Luque,"PFCM+MG9, Doutor Paiva, Lúke 110946, Paraguay",0984 533384,,5,2,-25.2783385,-57.51613510000001,ChIJMyAvNgCvXZQReLQyT55zQIs,https://maps.google.com/?cid=10034147093552215160&g_mp=Cidnb29nbGUubWFwcy5wbGFjZXMudjEuUGxhY2VzLlNlYXJjaFRleHQQAhgEIAA,,2026-01-29T15:58:58.370Z
La escala aeropuerto bed and breakfast 中途停留住宿、早餐和床位,Luque,"Silvio Pettirossi, Luque 110916, Paraguay",0976 170263,,3.5,14,-25.2389579,-57.509967800000005,ChIJ82ZrWQCnXZQRburY9RE9Vok,https://maps.google.com/?cid=9896164378541615726&g_mp=Cidnb29nbGUubWFwcy5wbGFjZXMudjEuUGxhY2VzLlNlYXJjaFRleHQQAhgEIAA,,2026-01-29T15:58:58.472Z
SOCRA Trinidad,Luque,"Pasaje Santa Ana 405 casi, Trinidad 001521, Paraguay",0981 402491,http://socrahoteles.com/,3.8,5,-25.2611866,-57.570795499999996,ChIJARCEPj6nXZQRJblaaD1GsO4,https://maps.google.com/?cid=17199324206485649701&g_mp=Cidnb29nbGUubWFwcy5wbGFjZXMudjEuUGxhY2VzLlNlYXJjaFRleHQQAhgEIAA,,2026-01-29T15:58:58.572Z
Satori Zen Club,Luque,"Cantos del Bosque 1312, Itauguá 110617, Paraguay",0976 523553,http://www.satorizenclub.com/,4.8,406,-25.3423932,-57.3671789,ChIJ2dyangW1XZQR8i1MEQa51Jk,https://maps.google.com/?cid=11084688018576780786&g_mp=Cidnb29nbGUubWFwcy5wbGFjZXMudjEuUGxhY2VzLlNlYXJjaFRleHQQAhgEIAA,,2026-01-29T15:59:00.119Z
Mendizza House,Luque,"2ndo. Teniente Eladio Escobar / Pedro Martinez 3320, Asunción 1749, Paraguay",0984 501030,,5,7,-25.2796752,-57.549442,ChIJ66-nfVavXZQRlMeWqaJsvko,https://maps.google.com/?cid=5385861650267424660&g_mp=Cidnb29nbGUubWFwcy5wbGFjZXMudjEuUGxhY2VzLlNlYXJjaFRleHQQAhgEIAA,,2026-01-29T15:59:00.222Z
Doña Nelly,Luque,"Tte. Manuel Pino González 3531, Asunción 001522, Paraguay",0981 503011,,4.7,27,-25.265052999999998,-57.5494421,ChIJESd1rpOlXZQRWOc3Q3qKVfM,https://maps.google.com/?cid=17534072981955274584&g_mp=Cidnb29nbGUubWFwcy5wbGFjZXMudjEuUGxhY2VzLlNlYXJjaFRleHQQAhgEIAA,,2026-01-29T15:59:02.527Z
Villa Dálmata,Luque,"Av. Nanawa, Luque 110939, Paraguay",0994 335000,http://www.villadalmata.com/,4.3,352,-25.284964799999997,-57.52205749999999,ChIJi77oU26vXZQRZrBGVhSAw3Y,https://maps.google.com/?cid=8557824541769248870&g_mp=Cidnb29nbGUubWFwcy5wbGFjZXMudjEuUGxhY2VzLlNlYXJjaFRleHQQAhgEIAA,True,2026-01-29T15:59:02.628Z
Quinta Ykua Satí,Luque,"Mayor Perenciollo Merlo 2150, C/Dr. Bestard, Asunción 2150, Paraguay",0981 407293,https://www.quintaykuasati.com.py/,4.5,1363,-25.284036,-57.553267,ChIJCXu3oFSvXZQRaI9UM9AS-TI,https://maps.google.com/?cid=3672987656521027432&g_mp=Cidnb29nbGUubWFwcy5wbGFjZXMudjEuUGxhY2VzLlNlYXJjaFRleHQQAhgEIAA,True,2026-01-29T15:59:02.831Z
Mangoty Apartamento,Luque,"Mangoty esquina, Luque 110917, Paraguay",0985 220804,,4.4,37,-25.2541984,-57.511336400000005,ChIJ9Xvo92ulXZQR8Kk5iFG1QmI,https://maps.google.com/?cid=7080420925962299888&g_mp=Cidnb29nbGUubWFwcy5wbGFjZXMudjEuUGxhY2VzLlNlYXJjaFRleHQQAhgEIAA,True,2026-01-29T15:59:02.931Z
Ramada Suites By Wyndham Asuncion Aeropuerto,Luque,"Pedro Juan Caballero 437, Mariano Roque Alonso 111007, Paraguay",0994 818300,https://www.wyndhamhotels.com/ramada/mariano-roque-alonso-paraguay/ramada-suites-asuncion-aeropuerto/overview,4.5,36,-25.223703099999998,-57.5187497,ChIJd2jOJk6kXZQRoo2vyLfy8mw,https://maps.google.com/?cid=7850603971620081058&g_mp=Cidnb29nbGUubWFwcy5wbGFjZXMudjEuUGxhY2VzLlNlYXJjaFRleHQQAhgEIAA,,2026-01-29T15:59:04.237Z
Quinta La Paloma,Luque,"Ruta Aregua Patiño, Itauguá 0000, Paraguay",0981 695553,,4.9,199,-25.3405533,-57.35813839999999,ChIJF5_9wgW1XZQR7IcWC0Xts-E,https://maps.google.com/?cid=16263603560159545324&g_mp=Cidnb29nbGUubWFwcy5wbGFjZXMudjEuUGxhY2VzLlNlYXJjaFRleHQQAhgEIAA,True,2026-01-29T15:59:04.540Z
El Jardín Alemán,Capiatá,"Ruta II Km 24, PY02 2601, Capiatá 110225, Paraguay",0981 283205,,4.4,1601,-25.374949299999997,-57.407497000000006,ChIJe_Qq3gWzXZQRaWBEnhx7WPc,https://maps.google.com/?cid=17823130888163319913&g_mp=Cidnb29nbGUubWFwcy5wbGFjZXMudjEuUGxhY2VzLlNlYXJjaFRleHQQAhgEIAA,True,2026-01-29T15:59:07.410Z
"Hoospedaje Casa Amistad, Aregua",Capiatá,"Hermanas Dominicas 917, Areguá 2000, Paraguay",0983 626259,,5,7,-25.3070144,-57.382578200000005,ChIJS1wqFU-xXZQRzPmT7LyzCao,https://maps.google.com/?cid=12252521885242489292&g_mp=Cidnb29nbGUubWFwcy5wbGFjZXMudjEuUGxhY2VzLlNlYXJjaFRleHQQAhgEIAA,,2026-01-29T15:59:09.891Z
Houze Stay & Residences by Ava,Capiatá,"Dr. Cirilo Caceres Zorrilla 1053, Asunción 001527, Paraguay",0994 397613,,4.5,79,-25.2803842,-57.56702229999999,ChIJ-e1J0_6nXZQRp3YBRccZWdA,https://maps.google.com/?cid=15013059176463169191&g_mp=Cidnb29nbGUubWFwcy5wbGFjZXMudjEuUGxhY2VzLlNlYXJjaFRleHQQAhgEIAA,,2026-01-29T15:59:11.680Z
Holiday Inn Express Asuncion Aviadores by IHG,Capiatá,"Av. Aviadores del Chaco 2935/55, Asunción 1726, Paraguay",(021) 657 9000,https://www.ihg.com/holidayinnexpress/hotels/us/en/asuncion/asuaa/hoteldetail?cm_mmc=GoogleMaps-_-EX-_-PY-_-ASUAA,4.8,1872,-25.279669000000002,-57.558287299999996,ChIJidgpA_apXZQRjb95_P4f_TY,https://maps.google.com/?cid=3962358427173896077&g_mp=Cidnb29nbGUubWFwcy5wbGFjZXMudjEuUGxhY2VzLlNlYXJjaFRleHQQAhgEIAA,,2026-01-29T15:59:11.983Z
La casita del viajero,Fernando de la Mora,"Mayor José Lamas Carísimo 620, Asunción 001417, Paraguay",,,4.5,17,-25.307865,-57.563286,ChIJwedMGwCpXZQRaZJvIoy5WDA,https://maps.google.com/?cid=3483738323295375977&g_mp=Cidnb29nbGUubWFwcy5wbGFjZXMudjEuUGxhY2VzLlNlYXJjaFRleHQQAhgEIAA,,2026-01-29T15:59:21.140Z
Nueva Alborada Lodging House,Fernando de la Mora,"Tte. Rivarola 2109, Fernando de la Mora 2300, Paraguay",(021) 502 338,,4.6,56,-25.3387305,-57.5724684,ChIJiYNH-jypXZQRQhMZE6tbigs,https://maps.google.com/?cid=831577871521223490&g_mp=Cidnb29nbGUubWFwcy5wbGFjZXMudjEuUGxhY2VzLlNlYXJjaFRleHQQAhgEIAA,True,2026-01-29T15:59:21.342Z
Casa Garay Guest House,Fernando de la Mora,"General Eugenio Alejandrino Garay, PC69+VCC, &, Asunción 001411, Paraguay",0981 150030,https://www.instagram.com/casagarayhotel?igsh=MWJma2todTF5enZ0bA==,4.8,29,-25.2878035,-57.5814809,ChIJtyeYWACpXZQRyo4p6c3eidQ,https://maps.google.com/?cid=15315016983811559114&g_mp=Cidnb29nbGUubWFwcy5wbGFjZXMudjEuUGxhY2VzLlNlYXJjaFRleHQQAhgEIAA,,2026-01-29T15:59:22.705Z
Casita Feliz,Limpio,"General Elizardo Aquino, Limpio 110822, Paraguay",0982 534913,,4.1,183,-25.182029399999998,-57.48123589999999,ChIJAQDAuRy9XZQRW-_p5MCyc4o,https://maps.google.com/?cid=9976514141099781979&g_mp=Cidnb29nbGUubWFwcy5wbGFjZXMudjEuUGxhY2VzLlNlYXJjaFRleHQQAhgEIAA,,2026-01-29T15:59:25.693Z
Ponderosa Inn,Limpio,"Monseñor Palacios Mariano Roque Alonso, Mariano Roque Alonso 1209, Paraguay",0982 972502,https://www.instagram.com/ponderosa.inn/,4.3,168,-25.192131300000003,-57.5440945,ChIJd7Mc7wSkXZQR7tdEv1PYBig,https://maps.google.com/?cid=2884230465580226542&g_mp=Cidnb29nbGUubWFwcy5wbGFjZXMudjEuUGxhY2VzLlNlYXJjaFRleHQQAhgEIAA,,2026-01-29T15:59:27.085Z
Casa Puente,Limpio,"Av Paseo de Fatima 464, Mariano Roque Alonso 111014, Paraguay",0984 841443,http://www.casa-puente.com/,4.7,98,-25.195039599999998,-57.54819990000001,ChIJuQyG8eClXZQRodm7m0wXr0Y,https://maps.google.com/?cid=5093315321377053089&g_mp=Cidnb29nbGUubWFwcy5wbGFjZXMudjEuUGxhY2VzLlNlYXJjaFRleHQQAhgEIAA,True,2026-01-29T15:59:27.186Z
"Vivi Simple, Tiny Houses",Limpio,"Luque 110901, Paraguay",0981 810750,http://www.tinyhouses.com.py/,4.7,63,-25.235989,-57.506134499999995,ChIJQYKZ0NylXZQR7rsEj18b6Hw,https://maps.google.com/?cid=9000473952535231470&g_mp=Cidnb29nbGUubWFwcy5wbGFjZXMudjEuUGxhY2VzLlNlYXJjaFRleHQQAhgEIAA,,2026-01-29T15:59:27.287Z
Motel Climax,Ñemby,"JCJQ+63P, Ñemby 111201, Paraguay",0982 813963,,4,492,-25.369408699999997,-57.56230300000001,ChIJKWTR8_yrXZQRKyYDZ6q0GXg,https://maps.google.com/?cid=8654146802934818347&g_mp=Cidnb29nbGUubWFwcy5wbGFjZXMudjEuUGxhY2VzLlNlYXJjaFRleHQQAhgEIAA,,2026-01-29T15:59:31.335Z
Princess Motel,Ñemby,"Carlos Antonio Lopez, Ñemby 111217, Paraguay",0972 460600,,4.5,67,-25.3942661,-57.538890800000004,ChIJrfTr_zqtXZQRgPsc4qug8fM,https://maps.google.com/?cid=17578007480697158528&g_mp=Cidnb29nbGUubWFwcy5wbGFjZXMudjEuUGxhY2VzLlNlYXJjaFRleHQQAhgEIAA,,2026-01-29T15:59:31.435Z
Motel Eros,Ñemby,"JF26+W32, Ñemby 111216, Paraguay",(021) 960 439,,3.8,391,-25.3977407,-57.53985809999999,ChIJ6YPzb2OsXZQRvi92OQO1rUQ,https://maps.google.com/?cid=4948810591003619262&g_mp=Cidnb29nbGUubWFwcy5wbGFjZXMudjEuUGxhY2VzLlNlYXJjaFRleHQQAhgEIAA,,2026-01-29T15:59:31.536Z
Motel Q'OTRO,Ñemby,"Calle I, Ñemby 111216, Paraguay",0971 887759,,3.8,12,-25.402561,-57.542157,ChIJSaVYlKStXZQRJfWTxjzZHU0,https://maps.google.com/?cid=5556836370297910565&g_mp=Cidnb29nbGUubWFwcy5wbGFjZXMudjEuUGxhY2VzLlNlYXJjaFRleHQQAhgEIAA,,2026-01-29T15:59:31.639Z
Motel Romance,Ñemby,"Mcal. López casi, San Antonio 111215, Paraguay",0981 307989,,3.7,294,-25.4109648,-57.54213970000001,ChIJkRLff4WsXZQRD1czN7UaTqc,https://maps.google.com/?cid=12055602618134910735&g_mp=Cidnb29nbGUubWFwcy5wbGFjZXMudjEuUGxhY2VzLlNlYXJjaFRleHQQAhgEIAA,True,2026-01-29T15:59:31.739Z
Motel Dacqua,Ñemby,"JF8G+8VH, Manuel Ortiz Guerrero, San Lorenzo 111218, Paraguay",0994 466543,,4.1,267,-25.384186699999997,-57.522778499999994,ChIJ8a-tCTesXZQRjWmZozznBuo,https://maps.google.com/?cid=16863420102364195213&g_mp=Cidnb29nbGUubWFwcy5wbGFjZXMudjEuUGxhY2VzLlNlYXJjaFRleHQQAhgEIAA,,2026-01-29T15:59:31.840Z
Café Motel,Ñemby,"Lombardo y Accceso Sur, HFW4+PHX, Ñemby 111215, Paraguay",(021) 951 951,,4.1,292,-25.4031317,-57.5435118,ChIJcwA3YH2sXZQRnrmmGpEds1c,https://maps.google.com/?cid=6319427211185535390&g_mp=Cidnb29nbGUubWFwcy5wbGFjZXMudjEuUGxhY2VzLlNlYXJjaFRleHQQAhgEIAA,,2026-01-29T15:59:31.941Z
Motel Parentesis,Ñemby,"JCJQ+28V, Santiago Leguizamón, Ñemby 2540, Paraguay",0982 960003,,4.2,247,-25.3698801,-57.56171690000001,ChIJMQrNivyrXZQRmIdCbg6oPI8,https://maps.google.com/?cid=10321309225959196568&g_mp=Cidnb29nbGUubWFwcy5wbGFjZXMudjEuUGxhY2VzLlNlYXJjaFRleHQQAhgEIAA,True,2026-01-29T15:59:32.043Z
Stylus motel,Ñemby,"Acceso Sur N° 8999, Ñemby 111226, Paraguay",0994 466546,,4.2,298,-25.437212799999998,-57.5362424,ChIJQaqiuaqrXZQREspguBjGpL8,https://maps.google.com/?cid=13809380166899649042&g_mp=Cidnb29nbGUubWFwcy5wbGFjZXMudjEuUGxhY2VzLlNlYXJjaFRleHQQAhgEIAA,True,2026-01-29T15:59:32.144Z
Broadway Motel,Ñemby,"JF29+M73, Ñemby 111217, Paraguay",,,3.9,75,-25.398363,-57.53184009999999,ChIJNbODaGCsXZQRjy7DHlV1_ak,https://maps.google.com/?cid=12249075569966395023&g_mp=Cidnb29nbGUubWFwcy5wbGFjZXMudjEuUGxhY2VzLlNlYXJjaFRleHQQAhgEIAA,,2026-01-29T15:59:32.245Z
Motel Venecia,Ñemby,"motel venecia, Ñemby 111222, Paraguay",,,3.7,37,-25.400036399999998,-57.532565899999994,ChIJWVrBr2GsXZQR6CxU-BQonso,https://maps.google.com/?cid=14600151112512449768&g_mp=Cidnb29nbGUubWFwcy5wbGFjZXMudjEuUGxhY2VzLlNlYXJjaFRleHQQAhgEIAA,,2026-01-29T15:59:32.346Z
Residencia Tropical,Ñemby,"15 de Noviembre 722, Julian Augusto Saldívar 111918, Paraguay",0986 153084,,4.2,94,-25.436421,-57.448416699999996,ChIJkf2dbkRNXJQR0S0OUmPwv9U,https://maps.google.com/?cid=15402293559999475153&g_mp=Cidnb29nbGUubWFwcy5wbGFjZXMudjEuUGxhY2VzLlNlYXJjaFRleHQQAhgEIAA,True,2026-01-29T15:59:34.519Z
Quinta Dulce Morada,Ñemby,"HGW7+XMM, Capiatá 110249, Paraguay",,,5,20,-25.407433,-57.503779200000004,ChIJNYwZ2NytXZQRpZH9CGpmpDU,https://maps.google.com/?cid=3865326985794130341&g_mp=Cidnb29nbGUubWFwcy5wbGFjZXMudjEuUGxhY2VzLlNlYXJjaFRleHQQAhgEIAA,,2026-01-29T15:59:35.939Z
Quinta Los Lapachos,Ñemby,"Ruta Colonia Thompson - Ypane, Ypané 111811, Paraguay",0985 609549,https://www.facebook.com/quintaloslapachosdeypane/,4.7,67,-25.447188399999998,-57.527127,ChIJ2c_9jTZTXJQRKUUP9AeKXx8,https://maps.google.com/?cid=2260677304727323945&g_mp=Cidnb29nbGUubWFwcy5wbGFjZXMudjEuUGxhY2VzLlNlYXJjaFRleHQQAhgEIAA,True,2026-01-29T15:59:36.040Z
Motel solo para ti,Encarnación,"Av las americas, Frente panaderia mirian, C. Gottschalk y, N3304 Garupa, Misiones, Argentina",0376 501-7771,,4,64,-27.4640381,-55.8555205,ChIJj9G103y5V5QRBLpsHAPDbL4,https://maps.google.com/?cid=13721556582820264452&g_mp=Cidnb29nbGUubWFwcy5wbGFjZXMudjEuUGxhY2VzLlNlYXJjaFRleHQQAhgEIAA,True,2026-01-29T15:59:38.536Z
Motel Panky,Encarnación,"P54F+2M7, Arroyo Pora 070312, Paraguay",,,4.1,95,-27.294978099999998,-55.825762700000006,ChIJGWAVjy7rV5QR7eSSupx3Uyk,https://maps.google.com/?cid=2977855293650822381&g_mp=Cidnb29nbGUubWFwcy5wbGFjZXMudjEuUGxhY2VzLlNlYXJjaFRleHQQAhgEIAA,,2026-01-29T15:59:38.638Z
Marnos Motel,Encarnación,"A. Payret 3199, N3300GZC, Av. Sta. Catalina 3372, N3300GYK Posadas, Misiones, Argentina",0376 15-442-7163,,3.7,215,-27.3787831,-55.9102645,ChIJU_VYDkG-V5QRCl3XvMOMkl0,https://maps.google.com/?cid=6742606364441795850&g_mp=Cidnb29nbGUubWFwcy5wbGFjZXMudjEuUGxhY2VzLlNlYXJjaFRleHQQAhgEIAA,,2026-01-29T15:59:38.739Z
MOTEL CONFIDENCE,Encarnación,"km 6, Ruta 6, Encarnación 6000, Paraguay",0994 486007,,4.2,40,-27.2924074,-55.825382999999995,ChIJZxf1K97qV5QR5ftnCFqcYoY,https://maps.google.com/?cid=9683474059302009829&g_mp=Cidnb29nbGUubWFwcy5wbGFjZXMudjEuUGxhY2VzLlNlYXJjaFRleHQQAhgEIAA,True,2026-01-29T15:59:38.840Z
Habitaciones Villa Blosset,Encarnación,"C. A. Esteban Benitez 1174, N3301 Posadas, Misiones, Argentina",0376 468-2265,,3.7,99,-27.365848,-55.8863876,ChIJNfT50cu_V5QR7-wwxx5OpAo,https://maps.google.com/?cid=766823730657684719&g_mp=Cidnb29nbGUubWFwcy5wbGFjZXMudjEuUGxhY2VzLlNlYXJjaFRleHQQAhgEIAA,,2026-01-29T15:59:38.941Z
Ullanka Residencial Encarnación,Encarnación,"Encarnación 070117, Paraguay",0982 334559,,4.1,95,-27.3358648,-55.8644082,ChIJJZdxEVyVV5QRiX8eitxyh7o,https://maps.google.com/?cid=13440837904446160777&g_mp=Cidnb29nbGUubWFwcy5wbGFjZXMudjEuUGxhY2VzLlNlYXJjaFRleHQQAhgEIAA,,2026-01-29T15:59:39.749Z
Casa de la Y,Encarnación,"Carmen de Lara Castro 422, Encarnación 6000, Paraguay",0985 778198,http://casadelay.wix.com/casa-de-la-y,4.5,118,-27.3513175,-55.8615936,ChIJJ4u2keW_V5QRMi9b1VqKBAg,https://maps.google.com/?cid=577738774941478706&g_mp=Cidnb29nbGUubWFwcy5wbGFjZXMudjEuUGxhY2VzLlNlYXJjaFRleHQQAhgEIAA,,2026-01-29T15:59:42.198Z
Alula,Encarnación,"Gral Aquino 1848, Encarnación 6000, Paraguay",,,4.9,76,-27.3254462,-55.8754074,ChIJo2VfRACVV5QRBGpABb1xcrs,https://maps.google.com/?cid=13506983289088403972&g_mp=Cidnb29nbGUubWFwcy5wbGFjZXMudjEuUGxhY2VzLlNlYXJjaFRleHQQAhgEIAA,,2026-01-29T15:59:42.400Z
La Divina Glamping,Encarnación,"J5C9+XM2, Av. 9, Encarnación 070128, Paraguay",,,,0,-27.377630999999997,-55.830408999999996,ChIJd1DQGwDBV5QRV8xYJ7WCgtg,https://maps.google.com/?cid=15601175773725641815&g_mp=Cidnb29nbGUubWFwcy5wbGFjZXMudjEuUGxhY2VzLlNlYXJjaFRleHQQAhgEIAA,,2026-01-29T15:59:45.009Z
Casa de Huéspedes La Primitiva,Encarnación,"J4MV+RGQ, Encarnación 070123, Paraguay",0985 902500,,5,7,-27.3646732,-55.855786699999996,ChIJkZ06OgC_V5QRJErg0NNA_Ic,https://maps.google.com/?cid=9798778167737993764&g_mp=Cidnb29nbGUubWFwcy5wbGFjZXMudjEuUGxhY2VzLlNlYXJjaFRleHQQAhgEIAA,,2026-01-29T15:59:45.110Z
ALOJAMIENTO EL BOSQUE,Encarnación,"Unnamed Road, Encarnación 070304, Paraguay",0985 779290,http://anibantonio2.wixsite.com/el-bosque,4.8,93,-27.347840599999998,-55.828017599999995,ChIJNaxjchrBV5QRAB9FpnxkiLw,https://maps.google.com/?cid=13585218762491371264&g_mp=Cidnb29nbGUubWFwcy5wbGFjZXMudjEuUGxhY2VzLlNlYXJjaFRleHQQAhgEIAA,False,2026-01-29T15:59:46.120Z
Villa Rally Itapua,Encarnación,"ingresando a PY01, Encarnación 6000, Paraguay",0994 348405,https://villarallyitapua.com/,4.8,4,-27.303762199999998,-55.8963038,ChIJ1eWNcNSVV5QRYrSqkiWl_aQ,https://maps.google.com/?cid=11888840172121011298&g_mp=Cidnb29nbGUubWFwcy5wbGFjZXMudjEuUGxhY2VzLlNlYXJjaFRleHQQAhgEIAA,,2026-01-29T15:59:48.600Z
IN 1362 Molas,Mariano Roque Alonso,"Av. Dr. Felipe Molas López 1362, Asunción 1520, Paraguay",0991 830900,https://avarentals.com.py/,4.8,50,-25.268648499999998,-57.5734736,ChIJq1NcpzmnXZQREsQr9OtY0QM,https://maps.google.com/?cid=275098822683378706&g_mp=Cidnb29nbGUubWFwcy5wbGFjZXMudjEuUGxhY2VzLlNlYXJjaFRleHQQAhgEIAA,,2026-01-29T15:59:51.488Z
Alojamiento Ecológico Carmelitas,Mariano Roque Alonso,"Av. Dr. Felipe Molas López, Asunción 001527, Paraguay",0985 917051,,5,2,-25.2770194,-57.565187900000005,ChIJD4UdGHmnXZQROnxYzISeMUQ,https://maps.google.com/?cid=4913882961639144506&g_mp=Cidnb29nbGUubWFwcy5wbGFjZXMudjEuUGxhY2VzLlNlYXJjaFRleHQQAhgEIAA,,2026-01-29T15:59:51.588Z
Eden Motel,Pedro Juan Caballero,"Antônio Alves Corrêa, 1550-2742 - Jardim das Flores, Ponta Porã - MS, 79900-000, Brasil",(67) 99897-2179,,4.4,118,-22.5055884,-55.7466388,ChIJQ8zdg0VvYpQRZx604NajLbk,https://maps.google.com/?cid=13343501414256877159&g_mp=Cidnb29nbGUubWFwcy5wbGFjZXMudjEuUGxhY2VzLlNlYXJjaFRleHQQAhgEIAA,,2026-01-29T15:59:55.517Z
Dallas Motel E Pousada,Pedro Juan Caballero,"R. Tuiuti, 302-398 - Vila Reno, Ponta Porã - MS, 79900-000, Brasil",,,3,57,-22.5193481,-55.721157000000005,ChIJc5FdrAVvYpQR1rQJbUCRJTY,https://maps.google.com/?cid=3901684358079689942&g_mp=Cidnb29nbGUubWFwcy5wbGFjZXMudjEuUGxhY2VzLlNlYXJjaFRleHQQAhgEIAA,True,2026-01-29T15:59:55.629Z
POUSADA DO ANDRADE,Pedro Juan Caballero,"R. João Emenelau, 565 - Jardim Primavera, Ponta Porã - MS, 79906-886, Brasil",(67) 99854-7875,,4.4,36,-22.5625412,-55.6807039,ChIJcVMsbwBtYpQRRFAiRy0Hi-Q,https://maps.google.com/?cid=16468264353458704452&g_mp=Cidnb29nbGUubWFwcy5wbGFjZXMudjEuUGxhY2VzLlNlYXJjaFRleHQQAhgEIAA,,2026-01-29T16:00:00.245Z
Pousada dos viajantes,Pedro Juan Caballero,"R. Ten. Lázaro Sobreiro, 375 - Centro, Ponta Porã - MS, 79900-000, Brasil",0971 830433,,4,26,-22.559258,-55.6977505,ChIJK3ZUyQtvYpQRgggdjizkDv4,https://maps.google.com/?cid=18306820415321606274&g_mp=Cidnb29nbGUubWFwcy5wbGFjZXMudjEuUGxhY2VzLlNlYXJjaFRleHQQAhgEIAA,True,2026-01-29T16:00:00.346Z
TAVA Glamping Cerro,Itauguá,"Ruta San Bernardino - Altos, San Bernardino 031607, Paraguay",0981 336349,https://www.tavaglamping.com/tava-glamping-cerro,4.7,333,-25.2954673,-57.274170299999994,ChIJ53v6kVnLXZQRcPLhIlZvf-U,https://maps.google.com/?cid=16537058772470854256&g_mp=Cidnb29nbGUubWFwcy5wbGFjZXMudjEuUGxhY2VzLlNlYXJjaFRleHQQAhgEIAA,True,2026-01-29T16:00:04.998Z
Tava Glamping Lago,Itauguá,"Avenida del Lago Urbanizacion Cantegril San Bernardino, San Bernardino 90002, Paraguay",0981 336349,https://www.tavaglamping.com/tava-glamping-lago,4.1,141,-25.350703,-57.283362700000005,ChIJs-6o62K1XZQRmFbT34A90d4,https://maps.google.com/?cid=16055681770272806552&g_mp=Cidnb29nbGUubWFwcy5wbGFjZXMudjEuUGxhY2VzLlNlYXJjaFRleHQQAhgEIAA,,2026-01-29T16:00:05.099Z
LA MALA JUNTA CABAÑAS,Itauguá,"Ruta Tobati - Atyra, Atyrá 030404, Paraguay",0985 447757,https://www.instagram.com/lamalajuntapy,4.9,15,-25.2695609,-57.165167399999994,ChIJo1ak8IPNXZQRhCyhJAmFR7Y,https://maps.google.com/?cid=13134613112565083268&g_mp=Cidnb29nbGUubWFwcy5wbGFjZXMudjEuUGxhY2VzLlNlYXJjaFRleHQQAhgEIAA,,2026-01-29T16:00:05.302Z
Granja Mi Retiro,Itauguá,"Areguá 110119, Paraguay",0986 261000,http://www.granjamiretiro.com/,4.6,2846,-25.3386458,-57.4191751,ChIJQyTIHC2yXZQRNbUX1vgCE3M,https://maps.google.com/?cid=8291974606686238005&g_mp=Cidnb29nbGUubWFwcy5wbGFjZXMudjEuUGxhY2VzLlNlYXJjaFRleHQQAhgEIAA,True,2026-01-29T16:00:05.504Z
Estanzuela Lodge,Itauguá,"Ruta Aregua Patiño, Itauguá 110617, Paraguay",0983 206000,,4.4,217,-25.340695699999998,-57.3474465,ChIJYzt4v9y1XZQRfUxAIRxVNhY,https://maps.google.com/?cid=1600560296882097277&g_mp=Cidnb29nbGUubWFwcy5wbGFjZXMudjEuUGxhY2VzLlNlYXJjaFRleHQQAhgEIAA,,2026-01-29T16:00:05.605Z
Vistalagosuitespy,Itauguá,"MJ4Q+75X, Itauguá 110617, Paraguay",0991 186757,,4.6,30,-25.344267799999997,-57.3620278,ChIJK8BtHa-1XZQRDhqEASb1Tbc,https://maps.google.com/?cid=13208482825730529806&g_mp=Cidnb29nbGUubWFwcy5wbGFjZXMudjEuUGxhY2VzLlNlYXJjaFRleHQQAhgEIAA,,2026-01-29T16:00:05.808Z
Doña Anto Atyrá,Itauguá,"Ruta Caacupe - Atyra, Atyrá 030406, Paraguay",0981 130833,,4.6,38,-25.308800299999998,-57.1867914,ChIJV2MHZ_jNXZQRLbMNmKAj98g,https://maps.google.com/?cid=14481082299485893421&g_mp=Cidnb29nbGUubWFwcy5wbGFjZXMudjEuUGxhY2VzLlNlYXJjaFRleHQQAhgEIAA,,2026-01-29T16:00:07.691Z
Patiño Lodge,Itauguá,"MJ4Q+M8C, Itauguá 110617, Paraguay",0981 231568,https://api.whatsapp.com/send?phone=595981231568&text=Hola!%20%F0%9F%91%8B%20Quisiera%20m%C3%A1s%20info%20sobre%20las%20caba%C3%B1as%20%F0%9F%98%8A,4.8,4,-25.343372199999997,-57.361645599999996,ChIJA9_9egC1XZQR5o01cZMGeE8,https://maps.google.com/?cid=5726334156530879974&g_mp=Cidnb29nbGUubWFwcy5wbGFjZXMudjEuUGxhY2VzLlNlYXJjaFRleHQQAhgEIAA,,2026-01-29T16:00:07.793Z
Finca El Gaucho,Itauguá,"Paso Pelota 031606, Paraguay",0983 851100,,4.6,68,-25.249402399999997,-57.2895974,ChIJKzqCqNC3XZQRSN7gEzicluQ,https://maps.google.com/?cid=16471524451819773512&g_mp=Cidnb29nbGUubWFwcy5wbGFjZXMudjEuUGxhY2VzLlNlYXJjaFRleHQQAhgEIAA,,2026-01-29T16:00:07.894Z
Quinta ñanduti,Itauguá,"Ñanduti, Itauguá 110616, Paraguay",,,4.4,5,-25.401668800000003,-57.370317199999995,ChIJqyQp1aK1XZQR1ikq13EP1W4,https://maps.google.com/?cid=7986306495827028438&g_mp=Cidnb29nbGUubWFwcy5wbGFjZXMudjEuUGxhY2VzLlNlYXJjaFRleHQQAhgEIAA,,2026-01-29T16:00:07.995Z
EL HALLO ROGA SAN BER,Itauguá,"San Bernardino 031608, Paraguay",0984 482111,,4.8,71,-25.307411899999998,-57.2613572,ChIJhzxBOivLXZQRsLQLz3Sv_Is,https://maps.google.com/?cid=10087130181627786416&g_mp=Cidnb29nbGUubWFwcy5wbGFjZXMudjEuUGxhY2VzLlNlYXJjaFRleHQQAhgEIAA,True,2026-01-29T16:00:09.919Z
Puerto Bar,Villa Elisa,"JC34+RJM, Paso Medin, Villa Elisa 111517, Paraguay",,,4.3,7,-25.395421499999998,-57.593439399999994,ChIJqz7aewCrXZQR6FYOvvK7zQg,https://maps.google.com/?cid=634369773774198504&g_mp=Cidnb29nbGUubWFwcy5wbGFjZXMudjEuUGxhY2VzLlNlYXJjaFRleHQQAhgEIAA,,2026-01-29T16:00:11.159Z
Cabaña Vista al lago,San Antonio,"110408, Ypané 110408, Paraguay",0981 204288,,5,3,-25.4784252,-57.5380754,ChIJ1xa77IZTXJQRR650_gIn-ms,https://maps.google.com/?cid=7780574200048430663&g_mp=Cidnb29nbGUubWFwcy5wbGFjZXMudjEuUGxhY2VzLlNlYXJjaFRleHQQAhgEIAA,,2026-01-29T16:00:20.380Z
Ibiza Motel,Caaguazú,"Ruta Principal, Entrada Melgarejo, Melgarejo 040702, Paraguay",0983 429646,,4.6,20,-25.7082001,-56.2403438,ChIJFc_7CWTVXpQRxP2Su4mhuPU,https://maps.google.com/?cid=17706079547936669124&g_mp=Cidnb29nbGUubWFwcy5wbGFjZXMudjEuUGxhY2VzLlNlYXJjaFRleHQQAhgEIAA,True,2026-01-29T16:00:22.932Z
Mare Nostrum,Caaguazú,"Acuna De Figueroa, Villarrica 040108, Paraguay",0986 966101,,4.8,32,-25.774144099999997,-56.4414695,ChIJky8kjl_NXpQRf_qNen6UlYw,https://maps.google.com/?cid=10130166207782713983&g_mp=Cidnb29nbGUubWFwcy5wbGFjZXMudjEuUGxhY2VzLlNlYXJjaFRleHQQAhgEIAA,,2026-01-29T16:00:23.337Z
"""Cerrado - inabilitado""",Caaguazú,"Colón N° 1330 casi, Paraguarí 090101, Paraguay",0971 714250,https://sites.google.com/view/jasyhostel/inicio,4.6,57,-25.616446,-57.1507162,ChIJx510oUM9XJQRQuTyTpvc_Zg,https://maps.google.com/?cid=11024210022475424834&g_mp=Cidnb29nbGUubWFwcy5wbGFjZXMudjEuUGxhY2VzLlNlYXJjaFRleHQQAhgEIAA,,2026-01-29T16:00:24.887Z
San Andrés,Coronel Oviedo,"Dr. Blas Garay, Cnel. Oviedo 050119, Paraguay",0521 202 443,,3.8,438,-25.4631878,-56.4489096,ChIJo83qphHpXpQRnsLErJhTpYI,https://maps.google.com/?cid=9414022511286600350&g_mp=Cidnb29nbGUubWFwcy5wbGFjZXMudjEuUGxhY2VzLlNlYXJjaFRleHQQAhgEIAA,,2026-01-29T16:00:28.641Z
MOTEL ITALIA,Concepción,"Itacurubi, Concepción 010104, Paraguay",0984 903035,,3.9,48,-23.40666,-57.4221343,ChIJF-O2uXadZpQRAy1rHwmH2do,https://maps.google.com/?cid=15769784043466075395&g_mp=Cidnb29nbGUubWFwcy5wbGFjZXMudjEuUGxhY2VzLlNlYXJjaFRleHQQAhgEIAA,True,2026-01-29T16:00:33.268Z
Granja Isla del Sol,Villarrica,"4JH2+7RV, colo, Villarrica 040120, Paraguay",0975 335478,https://www.facebook.com/granjaisladelsol,4.2,22,-25.8717714,-56.397960999999995,ChIJFUmHfHkzWZQRSlIJbo1Geyc,https://maps.google.com/?cid=2844945162865037898&g_mp=Cidnb29nbGUubWFwcy5wbGFjZXMudjEuUGxhY2VzLlNlYXJjaFRleHQQAhgEIAA,,2026-01-29T16:00:40.242Z
Camping Tacuara,Villarrica,"C. Rodolfo Fink, Melgarejo 040701, Paraguay",0981 737379,,4.5,1170,-25.722489,-56.2358857,ChIJ5f8cN7jVXpQRF_dNk7CluLM,https://maps.google.com/?cid=12950282906308048663&g_mp=Cidnb29nbGUubWFwcy5wbGFjZXMudjEuUGxhY2VzLlNlYXJjaFRleHQQAhgEIAA,True,2026-01-29T16:00:43.159Z
Resort Sport,Villarrica,"Norte Sur, Independencia 5350, Paraguay",0982 833086,,4.6,169,-25.7272009,-56.288089,ChIJx9ZdLnvVXpQRYzqfgVeKDrw,https://maps.google.com/?cid=13550920437245885027&g_mp=Cidnb29nbGUubWFwcy5wbGFjZXMudjEuUGxhY2VzLlNlYXJjaFRleHQQAhgEIAA,True,2026-01-29T16:00:43.361Z
Vista Alegre Natural Resort,Villarrica,"Edificio Independencia, Independencia 040713, Paraguay",0974 390390,http://www.vistaalegre.com.py/,4.7,708,-25.727175,-56.284791,ChIJ_3EpjA7UXpQRztppmks_hYY,https://maps.google.com/?cid=9693223366930586318&g_mp=Cidnb29nbGUubWFwcy5wbGFjZXMudjEuUGxhY2VzLlNlYXJjaFRleHQQAhgEIAA,,2026-01-29T16:00:43.665Z
Lago Manantial,Villarrica,"Vista Alegre 040713, Paraguay",0986 526658,,4.2,13,-25.723884599999998,-56.2934645,ChIJlcyhu6nTXpQR4Dw7Il6veXw,https://maps.google.com/?cid=8969392951721147616&g_mp=Cidnb29nbGUubWFwcy5wbGFjZXMudjEuUGxhY2VzLlNlYXJjaFRleHQQAhgEIAA,True,2026-01-29T16:00:45.048Z
el Sabor de La Joya,Villarrica,"Mbocayaty 041105, Paraguay",0981 236210,http://www.lajoya.info/,4.8,43,-25.767840099999997,-56.296341999999996,ChIJDzgfRsjTXpQRBJG_kPAPT1o,https://maps.google.com/?cid=6507437512468697348&g_mp=Cidnb29nbGUubWFwcy5wbGFjZXMudjEuUGxhY2VzLlNlYXJjaFRleHQQAhgEIAA,True,2026-01-29T16:00:45.149Z
Villas Vista Alegre Natural Resort,Villarrica,"7PGF+XH, Vista Alegre 040713, Paraguay",,,4.6,21,-25.722487899999997,-56.2760737,ChIJw_hcGvrVXpQR5YH08qIGSqk,https://maps.google.com/?cid=12198569837616988645&g_mp=Cidnb29nbGUubWFwcy5wbGFjZXMudjEuUGxhY2VzLlNlYXJjaFRleHQQAhgEIAA,,2026-01-29T16:00:46.440Z
Granja Ecológica Ara Poty,Itá,"Ruta 1 Km 32,5 - Itá Posta Gaona, Itá 110511, Paraguay",0984 152201,,4.4,146,-25.4772999,-57.4014068,ChIJX50cyDBNXJQR467NLCrtnt4,https://maps.google.com/?cid=16041519688136371939&g_mp=Cidnb29nbGUubWFwcy5wbGFjZXMudjEuUGxhY2VzLlNlYXJjaFRleHQQAhgEIAA,True,2026-01-29T16:00:49.443Z
"Karobé, San Bernardino/Paraguay.",Itá,"Zona km 45, San Bernardino 031608, Paraguay",0985 364435,,4.6,118,-25.332248,-57.2620624,ChIJzTM_ZL3LXZQRoLPDQTaQkcc,https://maps.google.com/?cid=14380433647876682656&g_mp=Cidnb29nbGUubWFwcy5wbGFjZXMudjEuUGxhY2VzLlNlYXJjaFRleHQQAhgEIAA,True,2026-01-29T16:00:49.746Z
La Casa del Cerro,Areguá,"San Bernardino 031602, Paraguay",0976 480698,http://www.lacasadelcerro.com.py/,3.8,36,-25.307740799999998,-57.302903199999996,ChIJee29U2O1XZQR6-1mL53p3bg,https://maps.google.com/?cid=13321060134146207211&g_mp=Cidnb29nbGUubWFwcy5wbGFjZXMudjEuUGxhY2VzLlNlYXJjaFRleHQQAhgEIAA,,2026-01-29T16:00:54.952Z
Canarias San Ber,Ypacaraí,"Avenida del lago casi Guilllermo Naumann San Bernardino, San Bernardino 3290, Paraguay",0981 118690,,4.3,162,-25.3356709,-57.2774849,ChIJE40mkn7KXZQRot8v7MO0_1E,https://maps.google.com/?cid=5908639989707562914&g_mp=Cidnb29nbGUubWFwcy5wbGFjZXMudjEuUGxhY2VzLlNlYXJjaFRleHQQAhgEIAA,,2026-01-29T16:01:02.017Z
Reset Glamping,Ypacaraí,"Ruta Caacupe - Atyra, Caacupé 030408, Paraguay",0982 787009,http://www.resetglamping.com/,4.3,78,-25.3201859,-57.1342344,ChIJTxKQ_uTNXZQR-CPohVUiHQc,https://maps.google.com/?cid=512603683304252408&g_mp=Cidnb29nbGUubWFwcy5wbGFjZXMudjEuUGxhY2VzLlNlYXJjaFRleHQQAhgEIAA,,2026-01-29T16:01:04.211Z
Mbokaja Cabañas,Ypacaraí,"MPHM+PQ7, San Bernardino 031608, Paraguay",0981 661610,https://www.instagram.com/mbokajacabanas/,4.7,173,-25.320715,-57.265591,ChIJZz9y0G7KXZQRYX23R5kYBPM,https://maps.google.com/?cid=17511148297735601505&g_mp=Cidnb29nbGUubWFwcy5wbGFjZXMudjEuUGxhY2VzLlNlYXJjaFRleHQQAhgEIAA,,2026-01-29T16:01:04.413Z
Estancia Aventura,Ypacaraí,"MW49+FW8, Ytu Guasu 030112, Paraguay",0981 441804,http://www.estancia-aventura.com/,4.6,103,-25.3438415,-57.0801665,ChIJJ7S7FkctXJQRh5MFKmrilfI,https://maps.google.com/?cid=17480126474307867527&g_mp=Cidnb29nbGUubWFwcy5wbGFjZXMudjEuUGxhY2VzLlNlYXJjaFRleHQQAhgEIAA,,2026-01-29T16:01:04.513Z
Quinta EL CIELO,Ypacaraí,"Fraccion Libertad Ypakarai - Piryu, Ypacaraí 111707, Paraguay",0981 729775,,5,3,-25.423053499999998,-57.284080200000005,ChIJv9GYoklLXJQRvIabAnQTfDU,https://maps.google.com/?cid=3853976770103183036&g_mp=Cidnb29nbGUubWFwcy5wbGFjZXMudjEuUGxhY2VzLlNlYXJjaFRleHQQAhgEIAA,True,2026-01-29T16:01:06.012Z
Alpinas Kamba,Paraguarí,"Iturbe, Paraguarí 090103, Paraguay",0984 901823,,4.7,38,-25.6200965,-57.159003600000005,ChIJewX5rNo9XJQRv6ZrYBbrtYs,https://maps.google.com/?cid=10067211023396087487&g_mp=Cidnb29nbGUubWFwcy5wbGFjZXMudjEuUGxhY2VzLlNlYXJjaFRleHQQAhgEIAA,,2026-01-29T16:01:07.694Z
Alta Vista Lodges,Paraguarí,"Gral. Rogelio Benitez 997, Piribebuy 031401, Paraguay",0971 157762,,5,1,-25.4600387,-57.0482534,ChIJq0KRCAAvXJQRFICYhr_Je1w,https://maps.google.com/?cid=6664141898058858516&g_mp=Cidnb29nbGUubWFwcy5wbGFjZXMudjEuUGxhY2VzLlNlYXJjaFRleHQQAhgEIAA,,2026-01-29T16:01:07.895Z
El Paraje Camping,Paraguarí,"Mayor Hilario Amarilla S/N, Piribebuy 031408, Paraguay",0974 511111,http://www.elparajecamping.com/,4.4,256,-25.457001299999998,-57.0102707,ChIJG0WcerUoXJQRSZDR8NSshRk,https://maps.google.com/?cid=1839066053424025673&g_mp=Cidnb29nbGUubWFwcy5wbGFjZXMudjEuUGxhY2VzLlNlYXJjaFRleHQQAhgEIAA,True,2026-01-29T16:01:08.096Z
Cerro Jere/ Mbatovi,Paraguarí,"CV9P+48G, Camino a Piribebuy, Paraguarí 2980, Paraguay",0981 432771,,4.7,88,-25.5821869,-57.1141722,ChIJ-0JD0bEkXJQRIcNwlrHINHc,https://maps.google.com/?cid=8589711054361117473&g_mp=Cidnb29nbGUubWFwcy5wbGFjZXMudjEuUGxhY2VzLlNlYXJjaFRleHQQAhgEIAA,,2026-01-29T16:01:08.400Z
Quinta Maria Celia,Paraguarí,"Concejal Gerónimo Vera, Carapeguá 090508, Paraguay",0971 350730,,4.5,43,-25.7773675,-57.2277935,ChIJYz5SwnoUXJQRbqEubWndI8U,https://maps.google.com/?cid=14205441094529753454&g_mp=Cidnb29nbGUubWFwcy5wbGFjZXMudjEuUGxhY2VzLlNlYXJjaFRleHQQAhgEIAA,,2026-01-29T16:01:10.356Z
La Casita de Piri,Paraguarí,"Chololo 1409, Paraguay",0992 367538,http://www.facebook.com/La-Casita-de-Piri-520430561467907,4.7,155,-25.542292999999997,-57.036998499999996,ChIJEZUgYYkvXJQRSDeiFQWcnxQ,https://maps.google.com/?cid=1486077947707275080&g_mp=Cidnb29nbGUubWFwcy5wbGFjZXMudjEuUGxhY2VzLlNlYXJjaFRleHQQAhgEIAA,True,2026-01-29T16:01:13.740Z
Cabañas Cerro Hũ,Paraguarí,"9VQ8+FQ, Paraguarí 090101, Paraguay",,,5,1,-25.6113364,-57.133104599999996,ChIJrW0cOgA9XJQRed-3LUh1U_w,https://maps.google.com/?cid=18182005073489944441&g_mp=Cidnb29nbGUubWFwcy5wbGFjZXMudjEuUGxhY2VzLlNlYXJjaFRleHQQAhgEIAA,,2026-01-29T16:01:13.842Z
Los Cantares - Piribebuy,Paraguarí,"Piribebuy 031414, Paraguay",0992 440863,http://www.espacionip.com.py/,5,5,-25.535562499999997,-57.0298125,ChIJWYFse5glXJQRZDn-SMY3poA,https://maps.google.com/?cid=9270158207756417380&g_mp=Cidnb29nbGUubWFwcy5wbGFjZXMudjEuUGxhY2VzLlNlYXJjaFRleHQQAhgEIAA,,2026-01-29T16:01:13.943Z
Ecos del Cerro,Paraguarí,"CV5J+87, Mbatovi Virgen del Rosario 090104, Paraguay",,,5,6,-25.591732300000004,-57.119273299999996,ChIJMTqseAA7XJQRuUy_FpzKJyU,https://maps.google.com/?cid=2677331275240393913&g_mp=Cidnb29nbGUubWFwcy5wbGFjZXMudjEuUGxhY2VzLlNlYXJjaFRleHQQAhgEIAA,,2026-01-29T16:01:15.363Z
Tower Resort Paraguarí,Paraguarí,"Ruta Pirayu - Paraguari, Paraguarí 090103, Paraguay",0976 325723,,4.5,212,-25.612071399999998,-57.1539151,ChIJp3rVxWQ8XJQRo8ogOLUCWSk,https://maps.google.com/?cid=2979415605836303011&g_mp=Cidnb29nbGUubWFwcy5wbGFjZXMudjEuUGxhY2VzLlNlYXJjaFRleHQQAhgEIAA,,2026-01-29T16:01:15.465Z
